"","long","lat","station","cmaq"
"1",-85.802,33.281,50.25,51.4655
"2",-87.651,34.761,55.88,60.6771
"3",-86.137,32.498,51.63,57.432
"4",-86.054,33.904,57.38,58.9897
"5",-85.423,31.19,56.88,60.3251
"6",-86.815,33.553,55.13,59.8209
"7",-86.915,33.486,45.37,57.0446
"8",-87.004,33.331,56.25,54.9484
"9",-87.306,33.46,48.25,58.2299
"10",-86.549,33.545,59.75,62.7739
"11",-86.817,33.386,56.75,57.7663
"12",-86.669,33.705,52.13,62.6428
"13",-86.942,33.802,50.75,57.6094
"14",-86.774,33.578,51.87,61.2493
"15",-87.34,34.343,49.25,57.144
"16",-86.583,34.691,66.38,58.3742
"17",-88.088,30.77,66.63,70.5717
"18",-88.141,30.474,53.38,55.9413
"19",-86.256,32.407,57.13,58.0905
"20",-86.977,34.519,56.25,55.4182
"21",-85.084,32.468,48.5,52.8542
"22",-86.825,33.317,53.63,53.9184
"23",-88.202,32.364,45.25,56.8727
"24",-86.123,33.498,49.38,56.7202
"25",-87.46,33.09,53.5,57.4942
"26",-90.191,35.197,72.5,66.2375
"27",-90.246,35.334,70.13,66.0046
"28",-90.451,35.278,73.5,66.7714
"29",-93.219,35.833,54.14,56.999
"30",-94.143,34.454,65.57,55.4977
"31",-92.276,34.756,74.62,60.7317
"32",-92.259,34.831,68.88,60.7106
"33",-92.337,34.676,62.38,58.5134
"34",-73.585,41.004,38.25,45.0622
"35",-73.445,41.401,24.38,45.7145
"36",-73.104,41.152,31.38,36.897
"37",-73.337,41.119,27,47.741
"38",-72.63,41.784,28.25,32.4236
"39",-73.296,41.82,28.88,38.5859
"40",-72.631,41.552,25.38,34.9222
"41",-72.903,41.301,20.13,37.4301
"42",-72.551,41.258,31.13,37.0286
"43",-72.063,41.315,34.13,35.8065
"44",-72.387,41.976,31.13,38.9996
"45",-75.556,38.985,46.25,48.22
"46",-75.731,39.551,40.25,46.2401
"47",-75.564,39.817,36.75,45.3034
"48",-75.496,39.774,35.75,44.1844
"49",-75.613,38.644,52.62,51.7902
"50",-75.163,38.779,43.13,49.6477
"51",-77.023,38.975,46.75,50.6618
"52",-76.953,38.897,37.75,48.5314
"53",-77.012,38.919,49.5,48.5314
"54",-82.491,29.684,57.13,59.3361
"55",-82.297,29.547,54.63,57.7742
"56",-82.445,30.198,49.75,56.457
"57",-85.732,30.131,54.5,57.3642
"58",-80.629,28.054,51.38,50.9662
"59",-80.616,28.311,53.25,53.3139
"60",-80.295,26.272,46.5,53.0596
"61",-80.097,26.29,46,47.5632
"62",-80.111,26.087,47.25,43.007
"63",-81.711,26.27,42.63,50.0838
"64",-82.619,30.178,55.5,55.1132
"65",-81.588,30.478,52.38,49.615
"66",-81.454,30.261,54.25,52.1963
"67",-87.204,30.525,58.88,56.9654
"68",-87.271,30.368,52.63,57.1606
"69",-87.276,30.399,51.88,55.334
"70",-81.341,27.189,54.5,49.9513
"71",-82.465,27.74,58.38,56.7477
"72",-82.162,27.781,60,56.8627
"73",-82.455,27.928,57.88,53.2185
"74",-82.539,27.892,65.5,56.9335
"75",-82.23,27.966,55.88,58.0193
"76",-82.126,27.993,55.25,60.1609
"77",-85.604,30.847,51.5,57.0422
"78",-81.723,28.525,55.13,58.6928
"79",-81.98,26.548,51.75,50.8304
"80",-81.939,26.449,54.38,55.1852
"81",-84.348,30.44,53.38,59.4463
"82",-84.199,30.484,52.5,56.967
"83",-82.546,27.633,56.88,59.741
"84",-82.619,27.481,59.5,60.4833
"85",-82.522,27.449,56.5,55.3112
"86",-82.101,29.17,54.13,53.5632
"87",-82.173,29.192,55.13,54.6014
"88",-80.162,25.733,64.75,68.492
"89",-80.327,25.586,43.75,60.0962
"90",-81.381,28.454,54.25,55.5014
"91",-81.363,28.599,53,55.205
"92",-81.637,28.347,54.63,62.4685
"93",-80.061,26.591,23.88,47.7532
"94",-82.306,28.332,57.75,54.209
"95",-82.758,28.195,53.5,55.9948
"96",-82.732,27.946,51,56.2382
"97",-82.74,27.786,52.25,59.2833
"98",-82.701,28.09,53.63,54.6739
"99",-82,27.939,59,60.127
"100",-81.972,28.029,52.37,59.179
"101",-80.408,27.449,32.25,50.1963
"102",-87.008,30.394,52,56.429
"103",-82.571,27.307,59.5,59.1716
"104",-82.48,27.35,59.13,56.2705
"105",-82.363,27.089,59.75,51.1653
"106",-81.31,28.746,52.5,52.9519
"107",-80.994,29.109,50.38,52.4636
"108",-81.053,29.207,48.13,53.478
"109",-84.162,30.093,48.5,56.2507
"110",-83.545,32.803,56.88,56.5401
"111",-83.789,32.828,50.25,53.1283
"112",-81.049,32.068,53.63,56.0974
"113",-85.408,34.474,51.63,54.5072
"114",-83.357,33.924,56.87,61.1758
"115",-84.607,34.014,51.75,56.8678
"116",-82.131,33.582,54.13,51.3573
"117",-84.746,33.404,47.25,55.8941
"118",-84.056,34.378,52.25,54.9448
"119",-84.29,33.688,48.13,59.8075
"120",-84.214,33.848,55,59.2084
"121",-84.779,33.743,56.5,54.3503
"122",-84.42,33.456,47.63,56.8419
"123",-84.358,33.721,53.63,59.8075
"124",-81.496,31.169,47,55.5212
"125",-84.066,33.964,58.38,61.385
"126",-84.162,33.435,47.62,54.6131
"127",-84.627,34.785,53.75,55.8829
"128",-84.944,32.521,54.87,57.2319
"129",-84.843,32.539,51.75,57.3114
"130",-85.045,33.928,51.75,55.4803
"131",-82.022,33.433,54.75,48.7809
"132",-84.067,33.586,46.88,58.0551
"133",-84.079,31.953,52.63,52.8573
"134",-91.404,39.933,52.88,51.9923
"135",-88.229,40.124,56.38,59.3792
"136",-87.668,39.211,51.25,56.6891
"137",-87.732,41.671,56.87,49.753
"138",-87.545,41.756,53.13,44.227
"139",-87.602,41.791,52.5,44.227
"140",-87.607,41.896,51.25,42.933
"141",-87.714,41.751,57.25,45.24
"142",-87.792,41.984,53.13,46.1717
"143",-87.991,41.668,56.25,50.9113
"144",-87.753,41.855,52.88,46.1424
"145",-87.863,42.06,48.25,51.4604
"146",-87.799,42.14,49.37,51.4604
"147",-87.674,42.062,52,51.4136
"148",-88.073,41.813,50.75,51.2401
"149",-88.549,39.067,53,57.3363
"150",-88.625,38.084,56.5,57.1214
"151",-90.324,39.11,54.5,55.7454
"152",-88.273,42.049,50.88,51.6775
"153",-87.841,42.387,49.88,50.7006
"154",-87.81,42.468,54,50.7006
"155",-88.242,42.221,52.25,51.5546
"156",-88.997,40.519,57.5,58.8342
"157",-88.926,39.867,58.13,57.87
"158",-89.809,39.396,56.63,54.9186
"159",-90.148,38.89,55.13,56.8494
"160",-89.96,38.726,55.38,59.6953
"161",-90.106,38.861,53.75,56.8494
"162",-89.607,40.687,53.38,55.4559
"163",-89.586,40.745,54.25,55.4559
"164",-89.788,38.176,47.38,61.6156
"165",-90.517,41.515,47.25,54.2474
"166",-90.16,38.612,52,60.9366
"167",-89.605,39.844,56.13,56.4334
"168",-88.191,41.222,57.75,57.7216
"169",-89.077,42.287,48.87,50.9647
"170",-89.038,42.335,45.75,50.9647
"171",-85.017,41.222,51.75,45.9915
"172",-85.102,41.095,52.75,45.4728
"173",-86.395,39.997,66.63,52.3788
"174",-86.553,40.541,63.13,53.5001
"175",-85.69,38.377,59.38,45.0332
"176",-85.246,40.3,70.63,49.212
"177",-85.831,41.718,64.38,47.1064
"178",-85.834,38.308,58.63,48.4521
"179",-86.99,38.986,63.75,56.2718
"180",-86.001,40.056,65.63,43.5823
"181",-85.841,39.935,63.25,48.1575
"182",-86.397,39.759,64,52.8667
"183",-85.38,40.961,62.75,50.8353
"184",-86.081,38.921,64.25,49.4197
"185",-86.152,39.417,62.25,51.0907
"186",-87.305,41.607,48.88,33.4656
"187",-87.495,41.681,63.25,40.1106
"188",-87.494,41.639,61,40.1106
"189",-86.908,41.717,65.75,54.7674
"190",-85.657,40.002,64.38,47.2032
"191",-86.249,39.646,61.62,51.713
"192",-86.021,39.859,63.75,42.9497
"193",-86.186,39.749,64.13,47.2907
"194",-86.061,39.789,61.62,43.4524
"195",-86.478,39.576,62.75,53.8665
"196",-86.604,38.113,64.13,60.8462
"197",-87.199,41.618,63.63,27.1222
"198",-87.039,41.51,62.38,52.1104
"199",-87.718,38.005,57.13,57.1931
"200",-86.371,41.552,64.38,55.9053
"201",-86.111,41.743,65,51.8806
"202",-86.237,41.694,64.88,52.5689
"203",-85.874,39.611,63.5,48.3107
"204",-87.569,38.022,60.5,57.1791
"205",-87.537,38.114,44.5,57.7977
"206",-87.401,39.486,49.13,53.964
"207",-87.313,39.561,59.87,53.2008
"208",-87.278,38.052,60.25,58.537
"209",-87.341,38.194,57.5,59.2543
"210",-87.322,37.954,60.62,55.7226
"211",-92.513,42.743,50.13,52.2581
"212",-90.177,41.875,46,51.98
"213",-95.946,41.782,49.25,53.5189
"214",-91.652,41.911,44.88,51.6155
"215",-91.527,42.281,50.13,52.3238
"216",-95.044,40.971,40.25,54.1076
"217",-94.693,43.123,44.13,52.5645
"218",-93.572,41.608,52.88,50.8697
"219",-90.522,41.699,52.87,54.0643
"220",-90.431,41.647,53.13,54.2782
"221",-93.696,41.881,46.5,54.387
"222",-92.006,40.695,54.5,53.3319
"223",-95.224,39.004,57.13,52.2877
"224",-94.746,38.839,66.25,55.9008
"225",-94.951,39.327,56.38,51.7428
"226",-94.732,38.136,64.25,57.9017
"227",-97.337,37.781,54.5,59.2726
"228",-97.314,37.701,65.5,58.8382
"229",-97.366,37.477,61.5,56.9492
"230",-94.636,39.118,52.75,48.3883
"231",-83.737,36.608,53.63,51.84
"232",-84.853,38.918,59.87,51.5526
"233",-82.641,38.459,55.13,53.9357
"234",-84.452,39.066,58.75,42.1456
"235",-82.988,38.238,43,54.3204
"236",-87.324,36.912,59.25,54.9067
"237",-87.076,37.781,58.75,57.2701
"238",-86.148,37.131,56.13,51.7889
"239",-84.468,38.126,40.75,56.0374
"240",-84.5,38.065,54.13,56.0374
"241",-82.732,38.548,47.75,55.2397
"242",-86.897,37.939,56.25,60.8136
"243",-85.852,37.706,54.12,48.1277
"244",-87.463,37.871,57.88,56.8498
"245",-85.578,38.137,55.25,48.8171
"246",-85.896,38.061,50.63,54.4524
"247",-85.712,38.264,54.63,42.5355
"248",-84.589,37.893,54.88,56.4041
"249",-84.525,39.072,54.75,41.0299
"250",-88.393,37.156,59.5,58.7292
"251",-88.573,37.058,55.38,55.9923
"252",-87.254,37.606,57.5,55.9779
"253",-86.956,37.32,52.87,54.6549
"254",-85.443,38.399,63,52.3833
"255",-83.22,37.283,46.5,55.5463
"256",-82.535,37.483,40.25,56.4124
"257",-84.612,37.097,54.13,51.7734
"258",-86.566,36.709,59,55.2056
"259",-88.014,36.901,58.63,56.1723
"260",-86.251,37.037,53.13,51.8993
"261",-93.144,30.492,74.88,70.3756
"262",-93.75,32.534,90.25,71.6497
"263",-93.372,30.143,90.5,84.4693
"264",-93.284,30.262,77.13,90.1176
"265",-93.578,30.228,90.88,86.0551
"266",-91.183,30.419,98.75,87.524
"267",-91.177,30.461,86,74.4336
"268",-91.056,30.7,72.13,72.806
"269",-91.207,30.587,97,83.1141
"270",-92.46,31.502,66.75,61.3719
"271",-91.425,30.4,88.63,86.7191
"272",-91.316,30.221,70.25,88.6201
"273",-91.13,30.207,85.63,80.9155
"274",-90.275,30.043,74.25,85.998
"275",-92.051,30.218,83.25,83.4147
"276",-90.765,29.764,70.13,68.8107
"277",-90.813,30.313,77.88,78.5311
"278",-90.103,29.994,66.63,70.9369
"279",-92.046,32.51,75.62,68.3097
"280",-91.367,30.685,106.63,81.845
"281",-89.999,29.982,69.75,69.8859
"282",-90.411,29.984,80.88,82.6944
"283",-90.82,29.994,70.13,76.7895
"284",-90.608,30.058,84.37,57.6701
"285",-91.21,29.715,78,66.6409
"286",-91.21,30.502,97.5,74.4336
"287",-70.125,43.977,25.13,42.8521
"288",-70.266,43.662,31.13,43.5422
"289",-70.208,43.561,33.88,43.5422
"290",-68.227,44.352,38.13,46.7975
"291",-68.261,44.377,35.13,46.1452
"292",-68.806,44.423,33.25,45.4817
"293",-69.786,44.23,32,43.1036
"294",-69.262,43.917,35.88,44.1821
"295",-70.856,44.222,36.75,42.2532
"296",-68.678,44.735,32.5,44.5086
"297",-69.732,43.795,32.87,44.0028
"298",-67.594,44.534,35,46.619
"299",-67.06,44.965,34.63,46.0621
"300",-70.62,43.659,36.75,43.0461
"301",-70.692,43.225,35.38,44.1036
"302",-70.471,43.343,36.25,45.2404
"303",-70.75,43.083,32.63,36.9319
"304",-76.653,38.903,29.38,48.6071
"305",-76.631,39.461,41,45.7019
"306",-76.474,39.311,44.88,46.3187
"307",-76.617,38.537,49.88,51.0478
"308",-77.042,39.444,43.75,46.1702
"309",-75.86,39.701,37.38,45.8388
"310",-76.812,38.504,38.5,52.4436
"311",-77.376,39.408,45.5,45.4149
"312",-76.297,39.41,43.13,46.912
"313",-76.204,39.563,36.75,47.5471
"314",-75.797,39.305,41.75,47.7343
"315",-77.107,39.114,28.13,49.6859
"316",-76.744,38.812,50,49.8926
"317",-77.722,39.566,45.5,49.3435
"318",-70.025,41.976,38.5,41.0926
"319",-73.169,42.637,31.63,35.756
"320",-70.881,41.635,38.71,39.1095
"321",-70.973,42.474,35.25,34.3773
"322",-70.809,42.789,36.57,34.8755
"323",-71.106,42.763,29.88,35.249
"324",-72.556,42.194,32.75,37.0394
"325",-72.524,42.4,28.87,36.9902
"326",-71.362,42.627,32.13,35.8447
"327",-71.486,42.414,29.88,37.2879
"328",-71.115,42.212,35.13,34.6915
"329",-70.969,42.317,32.57,32.8839
"330",-71.083,42.329,28.87,30.1966
"331",-71.876,42.274,32.25,37.2116
"332",-86.149,42.768,60.13,55.5163
"333",-86.109,44.617,58.75,57.9604
"334",-86.31,42.198,62.25,57.3931
"335",-86.002,41.896,60.63,53.384
"336",-84.394,42.798,46.38,50.7825
"337",-83.462,43.168,50.5,50.9961
"338",-82.643,43.836,40.63,54.1125
"339",-84.536,42.737,48.63,44.4185
"340",-85.542,42.278,44.63,46.1355
"341",-85.671,42.985,46.88,45.6318
"342",-85.417,43.177,43.5,60.8399
"343",-83.947,41.996,51.63,58.637
"344",-82.794,42.731,40.5,52.7122
"345",-83.006,42.513,40.37,41.4487
"346",-86.294,43.953,58.5,54.7081
"347",-84.892,44.311,56,52.4415
"348",-86.311,43.278,64.63,57.8079
"349",-83.183,42.463,34.63,46.848
"350",-85.853,42.894,52.88,48.2318
"351",-82.456,42.953,38.5,46.4053
"352",-85.95,46.289,60.86,54.1426
"353",-83.6,42.241,38.63,50.3348
"354",-83.209,42.228,37.13,51.4779
"355",-83.096,42.358,37.88,35.8144
"356",-83.001,42.431,36.25,52.0759
"357",-93.201,45.401,48.13,48.8911
"358",-93.214,45.142,46.38,50.0117
"359",-95.847,46.851,45.63,47.7896
"360",-92.524,46.705,42.63,49.9623
"361",-94.143,46.394,45.25,48.273
"362",-93.013,44.472,53.13,50.1104
"363",-91.496,47.946,38.37,47.3582
"364",-95.835,44.457,52.63,50.7616
"365",-93.764,46.204,44.63,48.1913
"366",-92.45,43.995,49.88,50.5938
"367",-92.829,48.413,42,48.3151
"368",-92.089,46.818,38.5,47.0346
"369",-93.513,44.789,49,48.8397
"370",-94.133,45.55,44.75,48.8475
"371",-92.855,45.117,45.5,50.7327
"372",-93.668,45.209,48,49.6215
"373",-91.39,31.56,61.63,62.7183
"374",-90.723,33.746,71.38,66.78
"375",-89.988,34.822,67.88,67.7438
"376",-89.567,30.23,62.5,61.7394
"377",-89.05,30.39,66.57,62.9142
"378",-89.181,30.567,65.38,68.2984
"379",-90.141,32.386,64.62,75.5128
"380",-88.534,30.378,58.43,69.924
"381",-88.709,30.523,64.25,70.5057
"382",-88.731,32.364,60.13,60.6549
"383",-88.766,34.265,59.5,62.051
"384",-94.58,38.77,62.75,56.2093
"385",-94.037,37.696,53.75,58.057
"386",-94.283,39.417,48,49.4871
"387",-94.376,39.303,55.38,49.4154
"388",-94.581,39.332,54.38,48.3964
"389",-94.556,39.531,54.75,48.22
"390",-93.299,37.261,47.5,54.6281
"391",-90.361,38.438,55.5,58.8079
"392",-90.865,39.045,55.63,52.5374
"393",-91.789,39.473,48.75,51.5658
"394",-89.691,37.699,47,50.7915
"395",-94.7,39.3,52.75,48.4668
"396",-90.226,38.873,55.88,56.3051
"397",-90.447,38.902,55.75,54.5721
"398",-90.422,37.897,45.25,49.3175
"399",-90.383,38.533,53,58.5814
"400",-90.705,38.49,52.75,56.7333
"401",-90.496,38.614,48.88,56.8361
"402",-90.476,38.711,53.5,55.7458
"403",-90.198,38.656,55.5,58.8778
"404",-90.239,38.672,52.5,58.8778
"405",-95.948,41.208,51.63,50.8852
"406",-96.025,41.36,41.13,51.4581
"407",-95.96,41.306,46.75,51.5193
"408",-96.677,40.985,38.12,50.6039
"409",-71.496,43.565,32.62,41.3067
"410",-72.278,42.931,29.75,37.6048
"411",-71.302,44.278,39.5,43.4324
"412",-71.225,44.291,32,43.5659
"413",-71.392,45.051,27.37,41.5856
"414",-72.226,43.63,29.88,38.2077
"415",-71.468,43.001,29.63,35.2556
"416",-71.523,42.72,31.88,35.7339
"417",-71.879,42.862,34.63,38.3232
"418",-71.458,43.218,32.38,39.375
"419",-70.748,43.075,34.38,36.9319
"420",-70.714,43.047,36.13,36.9319
"421",-72.338,43.364,30.63,38.0703
"422",-74.03,40.9,24.5,38.4075
"423",-75.097,39.923,35,41.0233
"424",-74.857,39.674,38.38,46.5005
"425",-75.026,39.422,35.88,48.5788
"426",-75.218,39.799,36.25,42.7615
"427",-74.126,40.671,27.62,30.7346
"428",-74.81,40.517,31.62,43.9123
"429",-74.747,40.283,31.5,45.1413
"430",-74.426,40.473,29.38,43.3078
"431",-74.006,40.188,36.75,46.7062
"432",-74.677,40.787,29.5,42.1777
"433",-74.446,40.065,32.75,45.1431
"434",-74.258,41.052,23.63,39.6838
"435",-73.757,42.681,29.13,32.6586
"436",-73.881,40.866,27.38,32.0364
"437",-73.902,40.816,26.87,25.5039
"438",-79.319,42.499,43.63,49.3917
"439",-79.587,42.291,39.25,46.2175
"440",-76.802,42.111,32.75,42.3016
"441",-73.743,41.782,22.88,37.2278
"442",-78.771,42.993,37.63,41.5725
"443",-73.903,44.366,32.25,41.2296
"444",-73.859,44.393,34.62,41.2296
"445",-74.695,44.981,34.63,34.1551
"446",-74.516,43.45,35,39.0108
"447",-74.985,43.686,36.38,37.1908
"448",-75.973,44.087,35.38,36.6302
"449",-75.784,42.73,32.88,39.7841
"450",-77.548,43.146,34.5,39.4719
"451",-78.479,43.224,29.25,40.8564
"452",-75.719,43.3,27.75,37.878
"453",-76.059,43.052,34.63,36.6832
"454",-74.215,41.524,26.63,37.2251
"455",-76.463,43.284,35.25,39.5211
"456",-73.708,41.442,26,40.1795
"457",-73.848,40.784,25.88,25.5039
"458",-73.823,40.736,32.63,33.93
"459",-73.464,42.782,28.13,34.921
"460",-74.126,40.597,33.38,36.6376
"461",-73.649,43.012,27.62,35.1118
"462",-73.94,42.8,25.25,33.9158
"463",-73.419,40.746,7.13,43.6705
"464",-72.713,40.961,31.75,42.0806
"465",-73.057,40.827,33.38,44.8293
"466",-74.494,42.144,28.5,37.8911
"467",-77.174,43.231,30.5,41.051
"468",-73.764,41.052,29.75,40.8583
"469",-81.19,35.929,54.75,56.0323
"470",-81.934,35.972,58.88,58.3028
"471",-82.6,35.5,51,55.776
"472",-81.53,35.936,54,55.6821
"473",-79.467,36.307,52.5,60.774
"474",-79.16,35.757,53.25,55.8238
"475",-78.728,35.159,56.38,55.5834
"476",-78.963,34.969,56.63,54.2772
"477",-80.559,35.809,61.88,57.7404
"478",-77.583,35.988,56,59.5502
"479",-80.227,36.111,52.12,60.5315
"480",-80.216,36.203,54.38,60.3811
"481",-80.342,36.026,55.38,57.862
"482",-80.144,36.051,57.63,61.7331
"483",-78.464,36.096,56.88,59.8228
"484",-83.796,35.258,57.29,53.4476
"485",-78.768,36.141,61.88,60.0455
"486",-79.704,36.113,56.75,63.0211
"487",-79.801,36.109,59.25,62.3778
"488",-82.965,35.505,55.25,54.5228
"489",-82.793,35.379,56.57,56.2296
"490",-83.077,35.59,56.71,55.3746
"491",-78.462,35.591,54.63,54.2204
"492",-77.569,35.231,62,56.5468
"493",-81.277,35.439,52,51.989
"494",-76.898,35.811,60.12,60.0645
"495",-80.786,35.24,51.38,53.31
"496",-80.92,35.113,47,49.6452
"497",-80.694,35.349,54.63,56.0756
"498",-77.839,34.364,56.5,57.539
"499",-79.092,36.307,57.13,59.7281
"500",-77.599,35.583,58.5,54.6126
"501",-79.859,36.309,54.38,61.3369
"502",-80.395,35.552,60.75,58.8495
"503",-80.668,35.534,60.25,57.6659
"504",-83.444,35.436,56.75,52.9293
"505",-80.541,34.974,51.25,49.9474
"506",-78.574,35.856,59.38,59.4046
"507",-78.793,35.597,56.62,54.3408
"508",-82.285,35.738,55.25,56.8877
"509",-96.855,46.934,43.63,49.2086
"510",-84.052,40.772,46.57,50.6043
"511",-80.573,41.959,39.12,49.2061
"512",-84.544,39.383,58.75,41.7067
"513",-84.393,39.53,57.5,43.4637
"514",-83.804,40.001,44.88,50.205
"515",-83.997,39.856,45.87,46.704
"516",-84.144,39.083,55,51.4226
"517",-83.789,39.43,53.5,57.5442
"518",-81.575,41.555,30.5,49.8397
"519",-81.865,41.362,42.38,56.6169
"520",-81.459,41.537,41.75,55.3731
"521",-83.064,40.357,48.88,54.8526
"522",-82.957,39.914,40.63,54.0026
"523",-82.816,40.087,54.75,54.1656
"524",-82.958,39.965,41.38,49.5211
"525",-82.96,40.088,41.12,53.6764
"526",-81.249,41.515,50,60.9388
"527",-83.943,39.666,47.5,52.1872
"528",-84.366,39.278,56.5,38.999
"529",-84.691,39.215,63,40.389
"530",-84.504,39.129,58,39.3553
"531",-80.615,40.366,55.75,62.6526
"532",-82.692,40.31,54,57.3706
"533",-81.423,41.673,39.13,51.6092
"534",-81.242,41.722,31.5,59.146
"535",-82.667,38.52,38.25,55.2397
"536",-82.457,38.629,32.25,58.1859
"537",-82.433,40.026,54.25,58.2102
"538",-82.096,41.421,42.5,53.1835
"539",-83.547,41.644,39.38,53.8887
"540",-83.719,41.495,49.25,55.3791
"541",-83.307,41.676,46.25,54.2583
"542",-83.475,41.719,45.25,50.1099
"543",-83.476,39.789,47.5,54.1487
"544",-80.659,41.096,52.63,61.9023
"545",-81.912,41.103,55.25,61.9307
"546",-84.115,40.085,49.88,49.7388
"547",-84.182,39.781,49.37,45.8578
"548",-81.33,41.182,53.88,61.8742
"549",-84.721,39.836,52.37,50.9381
"550",-81.379,40.828,50.25,61.788
"551",-81.601,40.709,51.5,62.7222
"552",-81.124,40.931,53.38,64.5081
"553",-81.504,41.106,56.75,62.4775
"554",-80.592,41.454,44.63,59.1186
"555",-80.663,41.24,52.25,60.134
"556",-84.202,39.428,50,46.6319
"557",-81.46,39.432,60,61.0874
"558",-83.612,41.378,50.25,57.0277
"559",-94.67,35.75,62,59.5288
"560",-97.752,35.481,50.25,55.0556
"561",-94.986,35.855,63.5,58.4946
"562",-97.488,35.32,50.38,53.0129
"563",-98.366,34.649,42.88,52.9759
"564",-96.361,36.107,55.88,55.807
"565",-98.932,36.16,56.13,58.8253
"566",-97.857,33.894,56.38,61.2725
"567",-97.034,36.957,61.5,63.5866
"568",-97.474,35.161,45.25,53.1907
"569",-95.25,36.228,70.13,64.4694
"570",-97.506,35.517,52.88,52.78
"571",-97.303,35.479,54.87,53.4287
"572",-97.472,35.613,57.5,53.5214
"573",-94.839,36.922,67.88,60.6782
"574",-95.784,34.886,69.5,62.3688
"575",-96,36.374,68.5,60.3072
"576",-96.003,35.939,56.75,58.2261
"577",-95.764,36.133,62.25,60.9013
"578",-95.977,36.207,67,61.0921
"579",-77.25,39.93,41.38,43.7413
"580",-79.961,40.466,40,57.8435
"581",-80.016,40.446,49.25,57.8435
"582",-80.186,40.382,56.75,61.3669
"583",-79.732,40.617,51,53.1862
"584",-79.565,40.814,48.63,51.9578
"585",-80.504,40.563,55.5,62.4924
"586",-80.36,40.685,55,62.2107
"587",-80.317,40.748,52,63.0905
"588",-75.927,40.32,34.75,44.5422
"589",-78.371,40.535,41.88,44.7414
"590",-74.882,40.107,32.88,44.8708
"591",-78.915,40.31,43.63,51.3141
"592",-77.877,40.811,40.12,43.4121
"593",-75.769,39.834,40.37,45.4658
"594",-78.526,41.118,47.75,43.155
"595",-76.845,40.245,39.37,42.6021
"596",-76.681,40.272,36.63,42.3593
"597",-75.372,39.836,37.5,41.3743
"598",-80.039,42.142,39.63,43.2189
"599",-77.476,39.961,41.63,44.1939
"600",-80.285,39.816,56,61.6645
"601",-78.92,40.563,48,50.5136
"602",-75.578,41.479,28.25,42.4973
"603",-75.623,41.443,29.25,42.0948
"604",-76.283,40.047,40.88,43.5638
"605",-80.347,40.996,48.13,59.204
"606",-75.433,40.612,35.38,42.483
"607",-76.003,41.209,29.38,42.7712
"608",-75.846,41.266,33.88,42.1482
"609",-76.924,41.251,35.38,43.456
"610",-80.485,41.215,50.25,58.3381
"611",-75.309,40.112,35.25,44.1472
"612",-75.341,40.628,35.13,43.0837
"613",-75.237,40.692,32,42.4797
"614",-77.166,40.457,38.5,42.2396
"615",-75.098,40.009,23.75,42.6997
"616",-75.241,40.05,34.13,43.3425
"617",-75.012,40.076,36.25,44.7868
"618",-75.223,39.928,30.75,41.0599
"619",-76.939,41.645,32.5,43.9625
"620",-79.902,40.147,52,61.1146
"621",-80.261,40.171,49,62.5002
"622",-80.421,40.445,54.38,62.8965
"623",-79.693,40.428,48.88,58.2855
"624",-79.506,40.305,50.63,54.2751
"625",-76.699,39.965,42.5,44.1296
"626",-71.72,41.615,32.25,39.1237
"627",-71.362,41.84,30,35.4951
"628",-71.428,41.492,35.25,39.8655
"629",-81.789,33.344,51.63,48.8602
"630",-82.49,34.777,46.38,53.8322
"631",-81.466,33.322,50.5,51.0316
"632",-79.937,32.989,58.25,57.9627
"633",-79.657,32.943,62.12,58.8653
"634",-81.817,35.132,57.63,55.2814
"635",-81.204,34.795,47.75,49.8197
"636",-80.199,34.617,47.13,52.0464
"637",-80.965,33.01,50.25,50.3154
"638",-79.745,34.287,58.5,50.5113
"639",-81.854,33.742,48,54.1432
"640",-83.238,34.807,48.5,53.2923
"641",-82.839,34.655,50.25,54.083
"642",-80.962,34.096,54.5,54.4951
"643",-80.781,33.817,48.38,51.1657
"644",-80.868,34.133,55.38,54.4951
"645",-82.076,34.991,48.88,54.5337
"646",-81.56,34.541,48.38,50.2283
"647",-79.565,33.726,50.38,55.7946
"648",-96.682,43.538,50.75,51.2872
"649",-84.223,35.965,54.88,54.5913
"650",-83.944,35.631,56.75,53.9804
"651",-83.784,35.603,49.38,54.0256
"652",-86.745,36.205,53.75,59.809
"653",-86.621,36.151,55.38,63.1974
"654",-85.182,35.234,53.13,55.2558
"655",-85.162,35.103,56.25,57.5711
"656",-83.601,36.114,65.5,58.2376
"657",-83.874,36.019,60.13,54.0008
"658",-84.317,35.745,52.25,52.5281
"659",-84.946,35.289,58,54.2474
"660",-86.599,35.733,54.25,57.2774
"661",-83.61,35.697,49.13,54.2878
"662",-83.498,35.563,54,55.18
"663",-90.019,35.217,66,67.4394
"664",-89.832,35.377,73.75,67.6853
"665",-89.642,35.188,78.25,76.7257
"666",-82.426,36.541,63.37,62.444
"667",-82.486,36.582,60.87,62.8748
"668",-86.653,36.298,59.38,57.5504
"669",-86.564,36.454,55.13,57.9987
"670",-87.137,35.952,56.38,61.7031
"671",-86.286,36.06,54.38,63.4841
"672",-98.62,29.515,60.63,61.3557
"673",-98.565,29.632,70,60.0189
"674",-98.312,29.275,53.63,54.6676
"675",-95.393,29.52,53.63,62.9442
"676",-95.473,29.044,35.25,47.5982
"677",-97.494,25.893,27.25,37.6362
"678",-96.786,33.132,95.88,80.3969
"679",-96.86,32.82,82,67.7621
"680",-96.808,32.919,89.25,72.5806
"681",-96.872,32.677,73.63,67.5488
"682",-96.53,32.78,76.75,66.8736
"683",-97.193,33.192,77.25,75.1098
"684",-97.025,32.437,66.63,63.2249
"685",-94.856,29.263,33.88,54.3581
"686",-94.713,32.382,94.13,72.8229
"687",-95.327,29.901,75,78.7162
"688",-95.126,29.802,77,59.7872
"689",-95.675,30.039,58.62,72.4682
"690",-95.284,29.827,61.38,78.7162
"691",-95.489,29.835,55,83.3173
"692",-95.474,29.624,56.75,63.988
"693",-95.494,29.695,65.5,63.988
"694",-95.268,29.626,57,69.7084
"695",-95.504,29.725,56.87,73.8992
"696",-95.317,29.733,70.63,61.098
"697",-95.35,29.753,67,61.098
"698",-95.078,29.764,79.13,59.7872
"699",-95.221,29.768,68.25,55.4464
"700",-95.257,29.733,61.5,55.4464
"701",-95.128,29.669,62.13,69.4447
"702",-95.016,29.583,64.25,67.1588
"703",-94.168,32.671,68.12,64.6142
"704",-98.083,30.215,60.63,56.1586
"705",-98.183,26.31,33.25,42.5134
"706",-98.291,26.226,35.5,42.5134
"707",-97.804,32.44,60,58.7815
"708",-96.116,33.153,76.75,64.7357
"709",-94.075,30.039,84.63,76.9469
"710",-93.988,29.894,92.63,61.1211
"711",-94.003,29.944,98.5,74.4005
"712",-94.318,29.864,70.13,66.4741
"713",-93.897,29.718,73.87,62.5602
"714",-93.955,29.865,79.25,61.1211
"715",-97.432,32.36,64.75,61.4767
"716",-96.316,32.569,65.5,64.2189
"717",-95.425,30.35,61.5,64.4114
"718",-97.434,27.765,27.38,40.4162
"719",-97.555,27.833,31.62,43.6983
"720",-93.762,30.084,78.63,83.4649
"721",-93.873,30.18,72.75,83.9804
"722",-97.906,32.869,58.88,59.426
"723",-96.459,32.936,77.63,65.3489
"724",-95.416,32.344,70.63,61.9425
"725",-97.461,32.901,65.13,66.0072
"726",-97.356,32.805,68.13,65.6286
"727",-97.282,32.922,72.12,69.4338
"728",-97.064,32.984,73.88,75.2325
"729",-97.089,32.656,58,66.1353
"730",-97.76,30.354,63.75,57.3278
"731",-97.872,30.483,61.5,61.837
"732",-97.601,30.419,57,57.656
"733",-97.006,28.836,44.38,51.5824
"734",-99.52,27.511,39.75,50.2649
"735",-73.251,42.897,19,35.3859
"736",-72.874,44.528,31.5,41.8393
"737",-77.059,38.857,48.63,50.5091
"738",-77.377,38.203,48.25,55.308
"739",-77.26,37.343,55.13,58.2242
"740",-77.594,37.359,55.88,56.5164
"741",-77.465,38.894,50.88,50.312
"742",-77.077,38.743,50.5,52.6797
"743",-77.106,38.773,51.5,50.3191
"744",-77.163,38.838,52.75,50.3191
"745",-77.199,38.932,53.13,51.1624
"746",-77.768,38.475,42.63,54.8156
"747",-78.081,39.283,43.25,52.2134
"748",-77.219,37.606,50.5,57.7918
"749",-77.4,37.558,52.63,57.2651
"750",-78.436,38.522,58.86,58.1055
"751",-78.505,38.663,47.88,56.9317
"752",-77.636,38.855,45,51.8023
"753",-79.884,37.286,59.13,58.7273
"754",-79.513,37.626,57.38,58.2174
"755",-77.37,38.483,48.88,53.0235
"756",-81.255,36.893,57.13,61.0878
"757",-77.045,38.811,45.37,50.7204
"758",-76.399,37.003,56.87,56.4164
"759",-76.439,36.903,57.38,55.358
"760",-76.731,36.667,54.62,57.5751
"761",-77.964,39.448,46.5,50.594
"762",-82.425,38.425,53,55.2038
"763",-80.633,37.908,61.88,60.5644
"764",-80.581,40.422,49.88,62.724
"765",-81.628,38.346,54.63,61.8244
"766",-79.921,39.649,46.88,60.1131
"767",-80.701,40.115,49.13,61.4992
"768",-81.552,39.324,55.38,61.103
"769",-90.699,46.615,41.5,48.2141
"770",-87.909,44.53,50.75,49.1154
"771",-89.109,43.314,49.5,50.3178
"772",-89.357,43.101,50.13,49.3321
"773",-88.528,43.435,52,53.6346
"774",-86.994,45.238,61.5,63.4431
"775",-88.422,43.688,51.38,51.3006
"776",-88.812,43.001,50.88,52.1423
"777",-87.811,42.505,56.38,49.6704
"778",-87.506,44.443,50.38,55.6329
"779",-87.616,44.139,51.88,56.822
"780",-89.77,44.707,46.75,51.5169
"781",-87.933,43.017,47.38,52.9401
"782",-87.912,43.061,50.63,44.5559
"783",-87.884,43.075,52.25,44.5559
"784",-88.006,43.093,52.5,52.1911
"785",-87.901,43.181,52.13,49.4428
"786",-89.632,45.678,49.63,48.7873
"787",-88.396,44.307,49.5,51.8218
"788",-87.921,43.343,50.25,51.2557
"789",-87.81,43.498,48.25,50.3799
"790",-87.799,42.714,52.13,52.2889
"791",-89.015,42.529,49.13,49.864
"792",-92.662,45.124,47.88,50.7248
"793",-89.68,43.436,51.63,49.7174
"794",-87.716,43.667,53.38,50.3982
"795",-90.568,43.702,52,50.8616
"796",-89.654,46.048,50.5,49.1555
"797",-88.499,42.58,54.38,52.4266
"798",-88.22,43.327,49.63,51.5173
"799",-88.232,43.004,53.25,53.0661
"800",-88.215,43.02,52.13,53.0661
